<?xml version="1.0" encoding="UTF-8"?><?xml-stylesheet type='text/xsl' href='_UpgradeReport_Files/UpgradeReport.xslt'?><UpgradeLog>
<Properties><Property Name="Solution" Value="WindowsApplication1">
</Property><Property Name="Solution File" Value="I:\code\c#\WindowsApplication1\WindowsApplication1.sln">
</Property><Property Name="User Options File" Value="I:\code\c#\WindowsApplication1\WindowsApplication1.suo">
</Property><Property Name="Date" Value="Wednesday, January 20, 2010">
</Property><Property Name="Time" Value="22:26 PM">
</Property></Properties><Event ErrorLevel="0" Project="" Source="WindowsApplication1.sln" Description="File successfully backed up as I:\code\c#\WindowsApplication1\Backup\WindowsApplication1.sln">
</Event><Event ErrorLevel="0" Project="" Source="WindowsApplication1.suo" Description="File successfully backed up as I:\code\c#\WindowsApplication1\Backup\WindowsApplication1.suo">
</Event><Event ErrorLevel="0" Project="WindowsApplication1" Source="WindowsApplication1\WindowsApplication1.csproj" Description="Project file successfully backed up as I:\code\c#\WindowsApplication1\Backup\WindowsApplication1\WindowsApplication1.csproj">
</Event><Event ErrorLevel="0" Project="WindowsApplication1" Source="WindowsApplication1\Form1.cs" Description="File successfully backed up as I:\code\c#\WindowsApplication1\Backup\WindowsApplication1\Form1.cs">
</Event><Event ErrorLevel="0" Project="WindowsApplication1" Source="WindowsApplication1\Form1.Designer.cs" Description="File successfully backed up as I:\code\c#\WindowsApplication1\Backup\WindowsApplication1\Form1.Designer.cs">
</Event><Event ErrorLevel="0" Project="WindowsApplication1" Source="WindowsApplication1\Program.cs" Description="File successfully backed up as I:\code\c#\WindowsApplication1\Backup\WindowsApplication1\Program.cs">
</Event><Event ErrorLevel="0" Project="WindowsApplication1" Source="WindowsApplication1\Properties\AssemblyInfo.cs" Description="File successfully backed up as I:\code\c#\WindowsApplication1\Backup\WindowsApplication1\Properties\AssemblyInfo.cs">
</Event><Event ErrorLevel="0" Project="WindowsApplication1" Source="WindowsApplication1\Properties\Resources.Designer.cs" Description="File successfully backed up as I:\code\c#\WindowsApplication1\Backup\WindowsApplication1\Properties\Resources.Designer.cs">
</Event><Event ErrorLevel="0" Project="WindowsApplication1" Source="WindowsApplication1\Properties\Settings.Designer.cs" Description="File successfully backed up as I:\code\c#\WindowsApplication1\Backup\WindowsApplication1\Properties\Settings.Designer.cs">
</Event><Event ErrorLevel="0" Project="WindowsApplication1" Source="WindowsApplication1\Properties\Settings.settings" Description="File successfully backed up as I:\code\c#\WindowsApplication1\Backup\WindowsApplication1\Properties\Settings.settings">
</Event><Event ErrorLevel="0" Project="WindowsApplication1" Source="WindowsApplication1\Form1.resx" Description="File successfully backed up as I:\code\c#\WindowsApplication1\Backup\WindowsApplication1\Form1.resx">
</Event><Event ErrorLevel="0" Project="WindowsApplication1" Source="WindowsApplication1\Properties\Resources.resx" Description="File successfully backed up as I:\code\c#\WindowsApplication1\Backup\WindowsApplication1\Properties\Resources.resx">
</Event><Event ErrorLevel="0" Project="WindowsApplication1" Source="WindowsApplication1\WindowsApplication1.csproj" Description="Project converted successfully">
</Event><Event ErrorLevel="3" Project="WindowsApplication1" Source="WindowsApplication1\WindowsApplication1.csproj" Description="Converted">
</Event><Event ErrorLevel="0" Project="" Source="WindowsApplication1.sln" Description="Solution converted successfully">
</Event><Event ErrorLevel="3" Project="" Source="WindowsApplication1.sln" Description="Converted">
</Event><Event ErrorLevel="0" Project="WindowsApplication1" Source="WindowsApplication1\WindowsApplication1.csproj" Description="Scan complete: Upgrade not required for project files.">
</Event></UpgradeLog>